{"loss": [0.12906716763973236, 0.09496638923883438, 0.07027531415224075, 0.05154477432370186, 0.042195092886686325, 0.03266874700784683, 0.021179838106036186, 0.017030825838446617, 0.013339127413928509, 0.010793037712574005, 0.01192109752446413], "accuracy": [0.9604762196540833, 0.9695237874984741, 0.9804762005805969, 0.9852380752563477, 0.9885714054107666, 0.9923809766769409, 0.9947618842124939, 0.9976190328598022, 0.9990476369857788, 0.9985714554786682, 0.9976190328598022], "val_loss": [0.19512532651424408, 0.1814754158258438, 0.16724951565265656, 0.16243113577365875, 0.1690499484539032, 0.16099072992801666, 0.15452496707439423, 0.14910177886486053, 0.15170951187610626, 0.16110548377037048, 0.16050434112548828], "val_accuracy": [0.9342857003211975, 0.939047634601593, 0.9438095092773438, 0.9495238065719604, 0.9371428489685059, 0.9476190209388733, 0.954285740852356, 0.9561904668807983, 0.954285740852356, 0.9514285922050476, 0.9504761695861816]}