{"loss": [0.12762317061424255, 0.0808422863483429, 0.05337602272629738, 0.045584965497255325, 0.03105047158896923, 0.023906053975224495, 0.015162878669798374, 0.015600454993546009, 0.011159388348460197, 0.008796603418886662, 0.00808154046535492], "accuracy": [0.957460343837738, 0.9768254160881042, 0.9850793480873108, 0.9866666793823242, 0.9920634627342224, 0.9958730340003967, 0.9968253970146179, 0.9965079426765442, 0.9974603056907654, 0.9980952143669128, 0.9980952143669128], "val_loss": [0.1576138734817505, 0.14228379726409912, 0.14428314566612244, 0.1361750215291977, 0.13945317268371582, 0.1351780891418457, 0.1280573159456253, 0.12422380596399307, 0.126813605427742, 0.12848882377147675, 0.1230466440320015], "val_accuracy": [0.9561904668807983, 0.9580952525138855, 0.9580952525138855, 0.9609524011611938, 0.9599999785423279, 0.961904764175415, 0.9599999785423279, 0.9628571271896362, 0.9647619128227234, 0.961904764175415, 0.9666666388511658]}