{"loss": [0.1806996464729309, 0.1391562521457672, 0.09384357184171677, 0.07427516579627991, 0.05215730145573616, 0.04910404980182648, 0.03367414325475693, 0.02716158889234066, 0.021881520748138428, 0.013360831886529922, 0.012758416123688221], "accuracy": [0.9485714435577393, 0.9571428298950195, 0.9752380847930908, 0.9809523820877075, 0.991428554058075, 0.9895238280296326, 0.9942857027053833, 0.9980952143669128, 0.9980952143669128, 0.9990476369857788, 0.9990476369857788], "val_loss": [0.276130348443985, 0.26101166009902954, 0.2440829575061798, 0.23524704575538635, 0.22610050439834595, 0.23898126184940338, 0.22034549713134766, 0.2154758721590042, 0.2101127952337265, 0.21017524600028992, 0.21147091686725616], "val_accuracy": [0.9123809337615967, 0.916190505027771, 0.9142857193946838, 0.9123809337615967, 0.9190475940704346, 0.9200000166893005, 0.9228571653366089, 0.9285714030265808, 0.9295238256454468, 0.9285714030265808, 0.9314285516738892]}